facility_id,location,cleanliness_score,odor_score,waste_level,water_availability,footfall,complaints,inspection_date
F001,Nashik,5.0,7,4,Available,681,5.0,2026-01-22
F002,Aurangabad,4.0,5,1,Available,556,6.0,2026-05-15
F003,Aurangabad,6.0,6,4,Available,619,2.0,2026-09-21
F004,Mumbai,6.0,7,1,Available,696,10.0,2026-08-01
F005,Aurangabad,8.0,5,1,Not Available,341,3.0,2026-05-09
F006,Nashik,7.0,5,4,Available,734,10.0,2026-08-15
F007,Aurangabad,5.0,8,2,Available,559,6.0,2026-05-23
F008,Mumbai,,8,4,Not Available,661,4.0,2026-05-08
F009,Pune,6.0,5,3,Available,582,1.0,2026-09-16
F010,Mumbai,4.0,6,3,Available,355,7.0,2026-04-23
F011,Aurangabad,7.0,10,3,Available,554,6.0,2026-04-08
F012,Mumbai,7.0,7,4,Available,284,3.0,2026-05-27
F013,Nashik,15.0,7,2,Available,778,9.0,2026-01-02
F014,Nagpur,7.0,8,1,Available,262,5.0,2026-04-14
F015,Nashik,4.0,8,2,Available,303,3.0,2026-05-15
F016,Mumbai,8.0,9,3,Not Available,364,3.0,2026-01-27
F017,Pune,8.0,4,5,Not Available,570,4.0,2026-06-07
F018,Aurangabad,7.0,6,5,Available,150,2.0,2026-06-10
F019,,7.0,4,4,Not Available,569,5.0,2026-04-14
F020,Nagpur,7.0,5,0,Available,584,4.0,2026-01-20
F021,Nagpur,6.0,5,4,Not Available,426,5.0,2026-06-29
F022,Pune,6.0,8,4,Available,306,3.0,2026-02-16
F023,Mumbai,9.0,8,4,Available,579,4.0,2026-04-27
F024,Nagpur,6.0,7,3,Available,649,5.0,2026-03-10
F025,Aurangabad,4.0,6,6,Available,372,0.0,2026-03-10
F026,Nagpur,8.0,-2,3,Not Available,123,1.0,2026-04-10
F027,Pune,7.0,8,7,Available,574,13.0,2026-01-12
F028,Pune,7.0,6,6,Available,267,3.0,2026-04-24
F029,Aurangabad,7.0,6,0,Available,750,8.0,2026-08-05
F030,Mumbai,8.0,6,5,Not Available,444,1.0,2026-03-17
F031,Nagpur,7.0,6,4,Available,607,8.0,2026-08-11
F032,Pune,8.0,6,2,Available,442,,2026-05-21
F033,Pune,8.0,6,4,Not Available,288,4.0,2026-05-12
F034,Nashik,5.0,6,4,Available,765,4.0,2026-02-27
F035,Nashik,8.0,8,4,Not Available,515,5.0,2026-05-29
F036,Aurangabad,7.0,6,8,Not Available,573,6.0,2026-06-05
F037,Aurangabad,5.0,5,0,Available,405,5.0,2026-07-31
F038,Aurangabad,5.0,7,1,Available,829,7.0,2026-03-04
F039,Nagpur,6.0,8,0,Not Available,392,6.0,2026-03-24
F040,Nagpur,5.0,5,2,Available,-100,3.0,2026-02-08
F041,Pune,1.0,6,2,Available,660,13.0,2026-09-06
F042,Nagpur,6.0,8,5,Available,559,7.0,2026-08-23
F043,Mumbai,6.0,6,1,Available,587,6.0,2026-04-02
F044,Pune,6.0,5,2,Available,284,2.0,2026-05-01
F045,Mumbai,8.0,5,2,,604,7.0,2026-01-07
F046,Mumbai,7.0,8,2,Available,514,5.0,2026-08-19
F047,Pune,4.0,7,3,Available,120,1.0,2026-08-16
F048,Pune,10.0,9,0,Available,692,7.0,2026-03-11
F049,Nashik,8.0,7,7,Available,486,8.0,2026-05-20
F050,Nagpur,4.0,8,1,Available,548,4.0,2026-06-21
F051,Pune,8.0,5,5,Not Available,296,4.0,2026-08-24
F052,Pune,7.0,5,4,Available,471,5.0,2026-01-05
F053,Mumbai,7.0,10,5,Available,441,5.0,2026-05-23
F054,Nagpur,7.0,6,5,Not Available,101,-5.0,2026-06-28
F055,Pune,7.0,6,5,Not Available,908,8.0,2026-04-28
F056,Aurangabad,6.0,5,3,Available,567,7.0,2026-02-07
F057,Pune,7.0,10,3,Available,508,9.0,2026-08-02
F058,Mumbai,5.0,6,4,Available,696,5.0,2026-03-04
F059,Nashik,8.0,6,1,Available,266,3.0,2026-06-01
F060,Nagpur,2.0,6,3,Not Available,625,4.0,2026-06-26
F061,Nashik,5.0,6,4,Available,528,5.0,2026-05-24
F062,Mumbai,9.0,2,0,Not Available,276,2.0,2026-05-11
F063,Pune,8.0,4,3,Available,487,3.0,2026-09-12
F064,Aurangabad,4.0,8,5,Available,531,10.0,2026-09-20
F065,Nagpur,7.0,4,5,Available,466,5.0,2026-09-13
F066,Nagpur,4.0,5,5,Available,494,3.0,2026-08-25
F067,Nagpur,6.0,6,1,Not Available,518,1.0,2026-02-11
F068,Nashik,5.0,6,3,Available,50,1.0,
F069,Nagpur,8.0,5,5,Available,260,4.0,2026-05-10
F070,Nashik,7.0,6,5,Available,477,7.0,2026-08-15
F071,Nashik,6.0,5,0,Available,677,6.0,2026-05-11
F072,Pune,7.0,8,5,Not Available,217,1.0,2026-01-17
F073,Pune,7.0,9,5,Available,731,9.0,2026-35-99
F074,Pune,5.0,6,2,Available,610,4.0,2026-04-13
F075,Nagpur,5.0,9,2,Available,993,15.0,2026-04-06
F076,Mumbai,6.0,5,0,Available,602,5.0,2026-06-07
F077,Pune,5.0,5,3,Available,542,5.0,2026-01-11
F078,Aurangabad,6.0,5,3,Available,607,3.0,2026-09-16
F079,Aurangabad,9.0,5,2,Not Available,584,6.0,2026-05-03
F080,Nashik,6.0,6,5,Available,463,3.0,2026-06-25
F081,Pune,7.0,6,4,Available,685,10.0,2026-02-14
F082,Nagpur,5.0,7,6,Available,482,0.0,2026-06-07
F083,Pune,7.0,7,3,Available,500,8.0,2026-03-15
F084,Nagpur,6.0,7,5,Available,533,3.0,2026-01-17
F085,Nashik,7.0,5,6,Yes,225,0.0,2026-07-11
F086,Aurangabad,10.0,5,0,No,748,5.0,2026-08-14
F087,Aurangabad,7.0,8,2,Available,657,6.0,2026-03-25
F088,Mumbai,8.0,6,2,Available,379,1.0,2026-07-27
F089,Mumbai,7.0,7,5,Not Available,580,3.0,2026-02-15
F090,Nagpur,4.0,7,1,Available,556,6.0,2026-04-05
F091,Mumbai,8.0,7,2,Available,5000,5.0,2026-08-30
F092,Nashik,7.0,5,3,Available,693,150.0,2026-05-03
F093,Nagpur,9.0,7,50,Available,622,9.0,2026-01-12
F094,Nashik,5.0,5,5,Available,703,9.0,2026-08-01
F095,Pune,6.0,9,1,Not Available,236,1.0,2026-04-06
F096,Nagpur,9.0,6,6,Available,493,7.0,2026-01-08
F097,Nashik,7.0,6,0,Available,490,5.0,2026-01-28
F098,Pune,9.0,9,1,Available,400,4.0,2026-09-14
F099,Aurangabad,7.0,4,2,Available,593,4.0,2026-02-13
F011,Aurangabad,7.0,10,3,Available,554,6.0,2026-04-08
